entry_id,domain,extraction_path,image_file,audio_file,image_source,audio_source
TECH_0079,tech_software,P1,TECH_0079.jpg,TECH_0079.mp3,Pexels/content-relevant downloaded photograph,edge-tts generated speech
TECH_0066,tech_software,P1,TECH_0066.jpg,TECH_0066.mp3,Pexels/content-relevant downloaded photograph,edge-tts generated speech
TECH_0030,tech_software,P1,TECH_0030.jpg,TECH_0030.mp3,Pexels/content-relevant downloaded photograph,edge-tts generated speech
TECH_0028,tech_software,P1,TECH_0028.jpg,TECH_0028.mp3,Pexels/content-relevant downloaded photograph,edge-tts generated speech
TECH_0092,tech_software,P1,TECH_0092.jpg,TECH_0092.mp3,Pexels/content-relevant downloaded photograph,edge-tts generated speech
TECH_0207,tech_software,P1,TECH_0207.jpg,TECH_0207.mp3,Pexels/content-relevant downloaded photograph,edge-tts generated speech
TECH_0005,tech_software,P1,TECH_0005.jpg,TECH_0005.mp3,Pexels/content-relevant downloaded photograph,edge-tts generated speech
TECH_0055,tech_software,P1,TECH_0055.jpg,TECH_0055.mp3,Pexels/content-relevant downloaded photograph,edge-tts generated speech
TECH_0077,tech_software,P1,TECH_0077.jpg,TECH_0077.mp3,Pexels/content-relevant downloaded photograph,edge-tts generated speech
TECH_0012,tech_software,P1,TECH_0012.jpg,TECH_0012.mp3,Pexels/content-relevant downloaded photograph,edge-tts generated speech
TECH_0071,tech_software,P1,TECH_0071.jpg,TECH_0071.mp3,Pexels/content-relevant downloaded photograph,edge-tts generated speech
TECH_0088,tech_software,P1,TECH_0088.jpg,TECH_0088.mp3,Pexels/content-relevant downloaded photograph,edge-tts generated speech
TECH_0014,tech_software,P1,TECH_0014.jpg,TECH_0014.mp3,Pexels/content-relevant downloaded photograph,edge-tts generated speech
TECH_0018,tech_software,P1,TECH_0018.jpg,TECH_0018.mp3,Pexels/content-relevant downloaded photograph,edge-tts generated speech
TECH_0029,tech_software,P1,TECH_0029.jpg,TECH_0029.mp3,Pexels/content-relevant downloaded photograph,edge-tts generated speech
TECH_0032,tech_software,P1,TECH_0032.jpg,TECH_0032.mp3,Pexels/content-relevant downloaded photograph,edge-tts generated speech
TECH_0036,tech_software,P1,TECH_0036.jpg,TECH_0036.mp3,Pexels/content-relevant downloaded photograph,edge-tts generated speech
TECH_0096,tech_software,P1,TECH_0096.jpg,TECH_0096.mp3,Pexels/content-relevant downloaded photograph,edge-tts generated speech
TECH_0004,tech_software,P1,TECH_0004.jpg,TECH_0004.mp3,Pexels/content-relevant downloaded photograph,edge-tts generated speech
TECH_0015,tech_software,P1,TECH_0015.jpg,TECH_0015.mp3,Pexels/content-relevant downloaded photograph,edge-tts generated speech
TECH_0083,tech_software,P1,TECH_0083.jpg,TECH_0083.mp3,Pexels/content-relevant downloaded photograph,edge-tts generated speech
TECH_0220,tech_software,HN,TECH_0220.jpg,TECH_0220.mp3,Pexels/content-relevant downloaded photograph,edge-tts generated speech
TECH_1113,tech_software,HN,TECH_1113.jpg,TECH_1113.mp3,Pexels/content-relevant downloaded photograph,edge-tts generated speech
TECH_0223,tech_software,HN,TECH_0223.jpg,TECH_0223.mp3,Pexels/content-relevant downloaded photograph,edge-tts generated speech
TECH_0245,tech_software,HN,TECH_0245.jpg,TECH_0245.mp3,Pexels/content-relevant downloaded photograph,edge-tts generated speech
TECH_1118,tech_software,HN,TECH_1118.jpg,TECH_1118.mp3,Pexels/content-relevant downloaded photograph,edge-tts generated speech
TECH_1121,tech_software,HN,TECH_1121.jpg,TECH_1121.mp3,Pexels/content-relevant downloaded photograph,edge-tts generated speech
TECH_0238,tech_software,HN,TECH_0238.jpg,TECH_0238.mp3,Pexels/content-relevant downloaded photograph,edge-tts generated speech
TECH_0242,tech_software,HN,TECH_0242.jpg,TECH_0242.mp3,Pexels/content-relevant downloaded photograph,edge-tts generated speech
TECH_1112,tech_software,HN,TECH_1112.jpg,TECH_1112.mp3,Pexels/content-relevant downloaded photograph,edge-tts generated speech
TECH_0198,tech_software,HN,TECH_0198.jpg,TECH_0198.mp3,Pexels/content-relevant downloaded photograph,edge-tts generated speech
TECH_0184,tech_software,HN,TECH_0184.jpg,TECH_0184.mp3,Pexels/content-relevant downloaded photograph,edge-tts generated speech
TECH_0200,tech_software,HN,TECH_0200.jpg,TECH_0200.mp3,Pexels/content-relevant downloaded photograph,edge-tts generated speech
TECH_0185,tech_software,HN,TECH_0185.jpg,TECH_0185.mp3,Pexels/content-relevant downloaded photograph,edge-tts generated speech
TECH_0227,tech_software,HN,TECH_0227.jpg,TECH_0227.mp3,Pexels/content-relevant downloaded photograph,edge-tts generated speech
TECH_1099,tech_software,HN,TECH_1099.jpg,TECH_1099.mp3,Pexels/content-relevant downloaded photograph,edge-tts generated speech
TECH_0219,tech_software,HN,TECH_0219.jpg,TECH_0219.mp3,Pexels/content-relevant downloaded photograph,edge-tts generated speech
TECH_0232,tech_software,HN,TECH_0232.jpg,TECH_0232.mp3,Pexels/content-relevant downloaded photograph,edge-tts generated speech
TECH_1100,tech_software,HN,TECH_1100.jpg,TECH_1100.mp3,Pexels/content-relevant downloaded photograph,edge-tts generated speech
TECH_1134,tech_software,HN,TECH_1134.jpg,TECH_1134.mp3,Pexels/content-relevant downloaded photograph,edge-tts generated speech
TECH_0208,tech_software,HN,TECH_0208.jpg,TECH_0208.mp3,Pexels/content-relevant downloaded photograph,edge-tts generated speech
TECH_1108,tech_software,HN,TECH_1108.jpg,TECH_1108.mp3,Pexels/content-relevant downloaded photograph,edge-tts generated speech
TECH_1129,tech_software,HN,TECH_1129.jpg,TECH_1129.mp3,Pexels/content-relevant downloaded photograph,edge-tts generated speech
TECH_0243,tech_software,HN,TECH_0243.jpg,TECH_0243.mp3,Pexels/content-relevant downloaded photograph,edge-tts generated speech
TECH_1133,tech_software,HN,TECH_1133.jpg,TECH_1133.mp3,Pexels/content-relevant downloaded photograph,edge-tts generated speech
TECH_0194,tech_software,HN,TECH_0194.jpg,TECH_0194.mp3,Pexels/content-relevant downloaded photograph,edge-tts generated speech
TECH_0157,tech_software,P2,TECH_0157.jpg,TECH_0157.mp3,Pexels/content-relevant downloaded photograph,edge-tts generated speech
TECH_0122,tech_software,P2,TECH_0122.jpg,TECH_0122.mp3,Pexels/content-relevant downloaded photograph,edge-tts generated speech
TECH_0166,tech_software,P2,TECH_0166.jpg,TECH_0166.mp3,Pexels/content-relevant downloaded photograph,edge-tts generated speech
TECH_0162,tech_software,P2,TECH_0162.jpg,TECH_0162.mp3,Pexels/content-relevant downloaded photograph,edge-tts generated speech
TECH_0115,tech_software,P2,TECH_0115.jpg,TECH_0115.mp3,Pexels/content-relevant downloaded photograph,edge-tts generated speech
TECH_0104,tech_software,P2,TECH_0104.jpg,TECH_0104.mp3,Pexels/content-relevant downloaded photograph,edge-tts generated speech
TECH_0141,tech_software,P2,TECH_0141.jpg,TECH_0141.mp3,Pexels/content-relevant downloaded photograph,edge-tts generated speech
TECH_0146,tech_software,P2,TECH_0146.jpg,TECH_0146.mp3,Pexels/content-relevant downloaded photograph,edge-tts generated speech
TECH_0105,tech_software,P2,TECH_0105.jpg,TECH_0105.mp3,Pexels/content-relevant downloaded photograph,edge-tts generated speech
TECH_0101,tech_software,P2,TECH_0101.jpg,TECH_0101.mp3,Pexels/content-relevant downloaded photograph,edge-tts generated speech
TECH_0129,tech_software,P2,TECH_0129.jpg,TECH_0129.mp3,Pexels/content-relevant downloaded photograph,edge-tts generated speech
TECH_0130,tech_software,P2,TECH_0130.jpg,TECH_0130.mp3,Pexels/content-relevant downloaded photograph,edge-tts generated speech
TECH_0103,tech_software,P2,TECH_0103.jpg,TECH_0103.mp3,Pexels/content-relevant downloaded photograph,edge-tts generated speech
TECH_0144,tech_software,P2,TECH_0144.jpg,TECH_0144.mp3,Pexels/content-relevant downloaded photograph,edge-tts generated speech
TECH_0109,tech_software,P2,TECH_0109.jpg,TECH_0109.mp3,Pexels/content-relevant downloaded photograph,edge-tts generated speech
TECH_0335,tech_software,P1,TECH_0335.jpg,TECH_0335.mp3,Pexels/content-relevant downloaded photograph,edge-tts generated speech
TECH_0251,tech_software,P1,TECH_0251.jpg,TECH_0251.mp3,Pexels/content-relevant downloaded photograph,edge-tts generated speech
TECH_0299,tech_software,P1,TECH_0299.jpg,TECH_0299.mp3,Pexels/content-relevant downloaded photograph,edge-tts generated speech
TECH_0422,tech_software,P1,TECH_0422.jpg,TECH_0422.mp3,Pexels/content-relevant downloaded photograph,edge-tts generated speech
TECH_0257,tech_software,P1,TECH_0257.jpg,TECH_0257.mp3,Pexels/content-relevant downloaded photograph,edge-tts generated speech
TECH_0301,tech_software,P1,TECH_0301.jpg,TECH_0301.mp3,Pexels/content-relevant downloaded photograph,edge-tts generated speech
TECH_0277,tech_software,P1,TECH_0277.jpg,TECH_0277.mp3,Pexels/content-relevant downloaded photograph,edge-tts generated speech
TECH_0311,tech_software,P1,TECH_0311.jpg,TECH_0311.mp3,Pexels/content-relevant downloaded photograph,edge-tts generated speech
TECH_0313,tech_software,P1,TECH_0313.jpg,TECH_0313.mp3,Pexels/content-relevant downloaded photograph,edge-tts generated speech
TECH_0303,tech_software,P1,TECH_0303.jpg,TECH_0303.mp3,Pexels/content-relevant downloaded photograph,edge-tts generated speech
TECH_0271,tech_software,P1,TECH_0271.jpg,TECH_0271.mp3,Pexels/content-relevant downloaded photograph,edge-tts generated speech
TECH_0282,tech_software,P3,TECH_0282.jpg,TECH_0282.mp3,Pexels/content-relevant downloaded photograph,edge-tts generated speech
TECH_0340,tech_software,P3,TECH_0340.jpg,TECH_0340.mp3,Pexels/content-relevant downloaded photograph,edge-tts generated speech
TECH_0278,tech_software,P3,TECH_0278.jpg,TECH_0278.mp3,Pexels/content-relevant downloaded photograph,edge-tts generated speech
TECH_0284,tech_software,P3,TECH_0284.jpg,TECH_0284.mp3,Pexels/content-relevant downloaded photograph,edge-tts generated speech
TECH_0292,tech_software,P3,TECH_0292.jpg,TECH_0292.mp3,Pexels/content-relevant downloaded photograph,edge-tts generated speech
TECH_0318,tech_software,P3,TECH_0318.jpg,TECH_0318.mp3,Pexels/content-relevant downloaded photograph,edge-tts generated speech
TECH_0323,tech_software,P3,TECH_0323.jpg,TECH_0323.mp3,Pexels/content-relevant downloaded photograph,edge-tts generated speech
TECH_0325,tech_software,P3,TECH_0325.jpg,TECH_0325.mp3,Pexels/content-relevant downloaded photograph,edge-tts generated speech
TECH_0336,tech_software,P3,TECH_0336.jpg,TECH_0336.mp3,Pexels/content-relevant downloaded photograph,edge-tts generated speech
TECH_0304,tech_software,P3,TECH_0304.jpg,TECH_0304.mp3,Pexels/content-relevant downloaded photograph,edge-tts generated speech
TECH_0394,tech_software,P4,TECH_0394.jpg,TECH_0394.mp3,Pexels/content-relevant downloaded photograph,edge-tts generated speech
TECH_0372,tech_software,P4,TECH_0372.jpg,TECH_0372.mp3,Pexels/content-relevant downloaded photograph,edge-tts generated speech
TECH_0370,tech_software,P4,TECH_0370.jpg,TECH_0370.mp3,Pexels/content-relevant downloaded photograph,edge-tts generated speech
TECH_0359,tech_software,P4,TECH_0359.jpg,TECH_0359.mp3,Pexels/content-relevant downloaded photograph,edge-tts generated speech
TECH_0388,tech_software,P4,TECH_0388.jpg,TECH_0388.mp3,Pexels/content-relevant downloaded photograph,edge-tts generated speech
TECH_0401,tech_software,P4,TECH_0401.jpg,TECH_0401.mp3,Pexels/content-relevant downloaded photograph,edge-tts generated speech
TECH_0438,tech_software,P2,TECH_0438.jpg,TECH_0438.mp3,Pexels/content-relevant downloaded photograph,edge-tts generated speech
TECH_0393,tech_software,P2,TECH_0393.jpg,TECH_0393.mp3,Pexels/content-relevant downloaded photograph,edge-tts generated speech
TECH_0356,tech_software,P2,TECH_0356.jpg,TECH_0356.mp3,Pexels/content-relevant downloaded photograph,edge-tts generated speech
TECH_0413,tech_software,P2,TECH_0413.jpg,TECH_0413.mp3,Pexels/content-relevant downloaded photograph,edge-tts generated speech
TECH_0367,tech_software,P2,TECH_0367.jpg,TECH_0367.mp3,Pexels/content-relevant downloaded photograph,edge-tts generated speech
TECH_0360,tech_software,P2,TECH_0360.jpg,TECH_0360.mp3,Pexels/content-relevant downloaded photograph,edge-tts generated speech
TECH_0363,tech_software,P2,TECH_0363.jpg,TECH_0363.mp3,Pexels/content-relevant downloaded photograph,edge-tts generated speech
TECH_0352,tech_software,P2,TECH_0352.jpg,TECH_0352.mp3,Pexels/content-relevant downloaded photograph,edge-tts generated speech
TECH_0415,tech_software,P2,TECH_0415.jpg,TECH_0415.mp3,Pexels/content-relevant downloaded photograph,edge-tts generated speech
TECH_1163,tech_software,HN,TECH_1163.jpg,TECH_1163.mp3,Pexels/content-relevant downloaded photograph,edge-tts generated speech
TECH_1153,tech_software,HN,TECH_1153.jpg,TECH_1153.mp3,Pexels/content-relevant downloaded photograph,edge-tts generated speech
TECH_0427,tech_software,HN,TECH_0427.jpg,TECH_0427.mp3,Pexels/content-relevant downloaded photograph,edge-tts generated speech
TECH_0455,tech_software,HN,TECH_0455.jpg,TECH_0455.mp3,Pexels/content-relevant downloaded photograph,edge-tts generated speech
TECH_0463,tech_software,HN,TECH_0463.jpg,TECH_0463.mp3,Pexels/content-relevant downloaded photograph,edge-tts generated speech
TECH_0473,tech_software,HN,TECH_0473.jpg,TECH_0473.mp3,Pexels/content-relevant downloaded photograph,edge-tts generated speech
TECH_0444,tech_software,HN,TECH_0444.jpg,TECH_0444.mp3,Pexels/content-relevant downloaded photograph,edge-tts generated speech
TECH_1142,tech_software,HN,TECH_1142.jpg,TECH_1142.mp3,Pexels/content-relevant downloaded photograph,edge-tts generated speech
TECH_0421,tech_software,HN,TECH_0421.jpg,TECH_0421.mp3,Pexels/content-relevant downloaded photograph,edge-tts generated speech
TECH_1171,tech_software,HN,TECH_1171.jpg,TECH_1171.mp3,Pexels/content-relevant downloaded photograph,edge-tts generated speech
TECH_0449,tech_software,HN,TECH_0449.jpg,TECH_0449.mp3,Pexels/content-relevant downloaded photograph,edge-tts generated speech
TECH_1159,tech_software,HN,TECH_1159.jpg,TECH_1159.mp3,Pexels/content-relevant downloaded photograph,edge-tts generated speech
TECH_0460,tech_software,HN,TECH_0460.jpg,TECH_0460.mp3,Pexels/content-relevant downloaded photograph,edge-tts generated speech
TECH_0465,tech_software,HN,TECH_0465.jpg,TECH_0465.mp3,Pexels/content-relevant downloaded photograph,edge-tts generated speech
TECH_0481,tech_software,HN,TECH_0481.jpg,TECH_0481.mp3,Pexels/content-relevant downloaded photograph,edge-tts generated speech
TECH_1162,tech_software,HN,TECH_1162.jpg,TECH_1162.mp3,Pexels/content-relevant downloaded photograph,edge-tts generated speech
TECH_0445,tech_software,HN,TECH_0445.jpg,TECH_0445.mp3,Pexels/content-relevant downloaded photograph,edge-tts generated speech
TECH_0448,tech_software,HN,TECH_0448.jpg,TECH_0448.mp3,Pexels/content-relevant downloaded photograph,edge-tts generated speech
TECH_0483,tech_software,HN,TECH_0483.jpg,TECH_0483.mp3,Pexels/content-relevant downloaded photograph,edge-tts generated speech
TECH_1167,tech_software,HN,TECH_1167.jpg,TECH_1167.mp3,Pexels/content-relevant downloaded photograph,edge-tts generated speech
TECH_0423,tech_software,HN,TECH_0423.jpg,TECH_0423.mp3,Pexels/content-relevant downloaded photograph,edge-tts generated speech
TECH_1169,tech_software,HN,TECH_1169.jpg,TECH_1169.mp3,Pexels/content-relevant downloaded photograph,edge-tts generated speech
TECH_0469,tech_software,HN,TECH_0469.jpg,TECH_0469.mp3,Pexels/content-relevant downloaded photograph,edge-tts generated speech
TECH_0563,tech_software,P1,TECH_0563.jpg,TECH_0563.mp3,Pexels/content-relevant downloaded photograph,edge-tts generated speech
TECH_0549,tech_software,P1,TECH_0549.jpg,TECH_0549.mp3,Pexels/content-relevant downloaded photograph,edge-tts generated speech
TECH_0525,tech_software,P1,TECH_0525.jpg,TECH_0525.mp3,Pexels/content-relevant downloaded photograph,edge-tts generated speech
TECH_0573,tech_software,P1,TECH_0573.jpg,TECH_0573.mp3,Pexels/content-relevant downloaded photograph,edge-tts generated speech
TECH_0581,tech_software,P1,TECH_0581.jpg,TECH_0581.mp3,Pexels/content-relevant downloaded photograph,edge-tts generated speech
TECH_0553,tech_software,P1,TECH_0553.jpg,TECH_0553.mp3,Pexels/content-relevant downloaded photograph,edge-tts generated speech
TECH_0559,tech_software,P1,TECH_0559.jpg,TECH_0559.mp3,Pexels/content-relevant downloaded photograph,edge-tts generated speech
TECH_0509,tech_software,P1,TECH_0509.jpg,TECH_0509.mp3,Pexels/content-relevant downloaded photograph,edge-tts generated speech
TECH_0599,tech_software,P1,TECH_0599.jpg,TECH_0599.mp3,Pexels/content-relevant downloaded photograph,edge-tts generated speech
TECH_0579,tech_software,P1,TECH_0579.jpg,TECH_0579.mp3,Pexels/content-relevant downloaded photograph,edge-tts generated speech
TECH_0561,tech_software,P1,TECH_0561.jpg,TECH_0561.mp3,Pexels/content-relevant downloaded photograph,edge-tts generated speech
TECH_0606,tech_software,P6,TECH_0606.jpg,TECH_0606.mp3,Pexels/content-relevant downloaded photograph,edge-tts generated speech
TECH_0608,tech_software,P6,TECH_0608.jpg,TECH_0608.mp3,Pexels/content-relevant downloaded photograph,edge-tts generated speech
TECH_0518,tech_software,P6,TECH_0518.jpg,TECH_0518.mp3,Pexels/content-relevant downloaded photograph,edge-tts generated speech
TECH_0556,tech_software,P6,TECH_0556.jpg,TECH_0556.mp3,Pexels/content-relevant downloaded photograph,edge-tts generated speech
TECH_0646,tech_software,P6,TECH_0646.jpg,TECH_0646.mp3,Pexels/content-relevant downloaded photograph,edge-tts generated speech
TECH_0600,tech_software,P6,TECH_0600.jpg,TECH_0600.mp3,Pexels/content-relevant downloaded photograph,edge-tts generated speech
TECH_0560,tech_software,P6,TECH_0560.jpg,TECH_0560.mp3,Pexels/content-relevant downloaded photograph,edge-tts generated speech
TECH_0540,tech_software,P6,TECH_0540.jpg,TECH_0540.mp3,Pexels/content-relevant downloaded photograph,edge-tts generated speech
TECH_0536,tech_software,P6,TECH_0536.jpg,TECH_0536.mp3,Pexels/content-relevant downloaded photograph,edge-tts generated speech
TECH_0522,tech_software,P6,TECH_0522.jpg,TECH_0522.mp3,Pexels/content-relevant downloaded photograph,edge-tts generated speech
TECH_0642,tech_software,P6,TECH_0642.jpg,TECH_0642.mp3,Pexels/content-relevant downloaded photograph,edge-tts generated speech
TECH_0582,tech_software,P6,TECH_0582.jpg,TECH_0582.mp3,Pexels/content-relevant downloaded photograph,edge-tts generated speech
TECH_0586,tech_software,P6,TECH_0586.jpg,TECH_0586.mp3,Pexels/content-relevant downloaded photograph,edge-tts generated speech
TECH_0570,tech_software,P6,TECH_0570.jpg,TECH_0570.mp3,Pexels/content-relevant downloaded photograph,edge-tts generated speech
TECH_0562,tech_software,P6,TECH_0562.jpg,TECH_0562.mp3,Pexels/content-relevant downloaded photograph,edge-tts generated speech
TECH_0574,tech_software,P6,TECH_0574.jpg,TECH_0574.mp3,Pexels/content-relevant downloaded photograph,edge-tts generated speech
TECH_0520,tech_software,P6,TECH_0520.jpg,TECH_0520.mp3,Pexels/content-relevant downloaded photograph,edge-tts generated speech
TECH_0609,tech_software,P2,TECH_0609.jpg,TECH_0609.mp3,Pexels/content-relevant downloaded photograph,edge-tts generated speech
TECH_0627,tech_software,P2,TECH_0627.jpg,TECH_0627.mp3,Pexels/content-relevant downloaded photograph,edge-tts generated speech
TECH_0643,tech_software,P2,TECH_0643.jpg,TECH_0643.mp3,Pexels/content-relevant downloaded photograph,edge-tts generated speech
TECH_0607,tech_software,P2,TECH_0607.jpg,TECH_0607.mp3,Pexels/content-relevant downloaded photograph,edge-tts generated speech
TECH_0665,tech_software,P2,TECH_0665.jpg,TECH_0665.mp3,Pexels/content-relevant downloaded photograph,edge-tts generated speech
TECH_0603,tech_software,P2,TECH_0603.jpg,TECH_0603.mp3,Pexels/content-relevant downloaded photograph,edge-tts generated speech
TECH_0659,tech_software,P2,TECH_0659.jpg,TECH_0659.mp3,Pexels/content-relevant downloaded photograph,edge-tts generated speech
TECH_0611,tech_software,P2,TECH_0611.jpg,TECH_0611.mp3,Pexels/content-relevant downloaded photograph,edge-tts generated speech
TECH_0631,tech_software,P2,TECH_0631.jpg,TECH_0631.mp3,Pexels/content-relevant downloaded photograph,edge-tts generated speech
TECH_0651,tech_software,P2,TECH_0651.jpg,TECH_0651.mp3,Pexels/content-relevant downloaded photograph,edge-tts generated speech
TECH_1182,tech_software,HN,TECH_1182.jpg,TECH_1182.mp3,Pexels/content-relevant downloaded photograph,edge-tts generated speech
TECH_0739,tech_software,HN,TECH_0739.jpg,TECH_0739.mp3,Pexels/content-relevant downloaded photograph,edge-tts generated speech
TECH_0677,tech_software,HN,TECH_0677.jpg,TECH_0677.mp3,Pexels/content-relevant downloaded photograph,edge-tts generated speech
TECH_0720,tech_software,HN,TECH_0720.jpg,TECH_0720.mp3,Pexels/content-relevant downloaded photograph,edge-tts generated speech
TECH_1184,tech_software,HN,TECH_1184.jpg,TECH_1184.mp3,Pexels/content-relevant downloaded photograph,edge-tts generated speech
TECH_0728,tech_software,HN,TECH_0728.jpg,TECH_0728.mp3,Pexels/content-relevant downloaded photograph,edge-tts generated speech
TECH_0745,tech_software,HN,TECH_0745.jpg,TECH_0745.mp3,Pexels/content-relevant downloaded photograph,edge-tts generated speech
TECH_0717,tech_software,HN,TECH_0717.jpg,TECH_0717.mp3,Pexels/content-relevant downloaded photograph,edge-tts generated speech
TECH_0673,tech_software,HN,TECH_0673.jpg,TECH_0673.mp3,Pexels/content-relevant downloaded photograph,edge-tts generated speech
TECH_0750,tech_software,HN,TECH_0750.jpg,TECH_0750.mp3,Pexels/content-relevant downloaded photograph,edge-tts generated speech
TECH_0685,tech_software,HN,TECH_0685.jpg,TECH_0685.mp3,Pexels/content-relevant downloaded photograph,edge-tts generated speech
TECH_1176,tech_software,HN,TECH_1176.jpg,TECH_1176.mp3,Pexels/content-relevant downloaded photograph,edge-tts generated speech
TECH_1187,tech_software,HN,TECH_1187.jpg,TECH_1187.mp3,Pexels/content-relevant downloaded photograph,edge-tts generated speech
TECH_0711,tech_software,HN,TECH_0711.jpg,TECH_0711.mp3,Pexels/content-relevant downloaded photograph,edge-tts generated speech
TECH_1198,tech_software,HN,TECH_1198.jpg,TECH_1198.mp3,Pexels/content-relevant downloaded photograph,edge-tts generated speech
TECH_1189,tech_software,HN,TECH_1189.jpg,TECH_1189.mp3,Pexels/content-relevant downloaded photograph,edge-tts generated speech
TECH_0683,tech_software,HN,TECH_0683.jpg,TECH_0683.mp3,Pexels/content-relevant downloaded photograph,edge-tts generated speech
TECH_0704,tech_software,HN,TECH_0704.jpg,TECH_0704.mp3,Pexels/content-relevant downloaded photograph,edge-tts generated speech
TECH_1180,tech_software,HN,TECH_1180.jpg,TECH_1180.mp3,Pexels/content-relevant downloaded photograph,edge-tts generated speech
TECH_1206,tech_software,HN,TECH_1206.jpg,TECH_1206.mp3,Pexels/content-relevant downloaded photograph,edge-tts generated speech
TECH_1188,tech_software,HN,TECH_1188.jpg,TECH_1188.mp3,Pexels/content-relevant downloaded photograph,edge-tts generated speech
TECH_1175,tech_software,HN,TECH_1175.jpg,TECH_1175.mp3,Pexels/content-relevant downloaded photograph,edge-tts generated speech
TECH_0678,tech_software,HN,TECH_0678.jpg,TECH_0678.mp3,Pexels/content-relevant downloaded photograph,edge-tts generated speech
TECH_0839,tech_software,P1,TECH_0839.jpg,TECH_0839.mp3,Pexels/content-relevant downloaded photograph,edge-tts generated speech
TECH_0771,tech_software,P1,TECH_0771.jpg,TECH_0771.mp3,Pexels/content-relevant downloaded photograph,edge-tts generated speech
TECH_0769,tech_software,P1,TECH_0769.jpg,TECH_0769.mp3,Pexels/content-relevant downloaded photograph,edge-tts generated speech
TECH_0827,tech_software,P1,TECH_0827.jpg,TECH_0827.mp3,Pexels/content-relevant downloaded photograph,edge-tts generated speech
TECH_0835,tech_software,P1,TECH_0835.jpg,TECH_0835.mp3,Pexels/content-relevant downloaded photograph,edge-tts generated speech
TECH_0809,tech_software,P1,TECH_0809.jpg,TECH_0809.mp3,Pexels/content-relevant downloaded photograph,edge-tts generated speech
TECH_0831,tech_software,P1,TECH_0831.jpg,TECH_0831.mp3,Pexels/content-relevant downloaded photograph,edge-tts generated speech
TECH_0752,tech_software,P3,TECH_0752.jpg,TECH_0752.mp3,Pexels/content-relevant downloaded photograph,edge-tts generated speech
TECH_0762,tech_software,P3,TECH_0762.jpg,TECH_0762.mp3,Pexels/content-relevant downloaded photograph,edge-tts generated speech
TECH_0802,tech_software,P3,TECH_0802.jpg,TECH_0802.mp3,Pexels/content-relevant downloaded photograph,edge-tts generated speech
TECH_0832,tech_software,P3,TECH_0832.jpg,TECH_0832.mp3,Pexels/content-relevant downloaded photograph,edge-tts generated speech
TECH_0842,tech_software,P3,TECH_0842.jpg,TECH_0842.mp3,Pexels/content-relevant downloaded photograph,edge-tts generated speech
TECH_0820,tech_software,P3,TECH_0820.jpg,TECH_0820.mp3,Pexels/content-relevant downloaded photograph,edge-tts generated speech
TECH_1007,tech_software,P5,TECH_1007.jpg,TECH_1007.mp3,Pexels/content-relevant downloaded photograph,edge-tts generated speech
TECH_1003,tech_software,P5,TECH_1003.jpg,TECH_1003.mp3,Pexels/content-relevant downloaded photograph,edge-tts generated speech
TECH_1012,tech_software,P5,TECH_1012.jpg,TECH_1012.mp3,Pexels/content-relevant downloaded photograph,edge-tts generated speech
TECH_0817,tech_software,P5,TECH_0817.jpg,TECH_0817.mp3,Pexels/content-relevant downloaded photograph,edge-tts generated speech
TECH_1018,tech_software,P5,TECH_1018.jpg,TECH_1018.mp3,Pexels/content-relevant downloaded photograph,edge-tts generated speech
TECH_1025,tech_software,P5,TECH_1025.jpg,TECH_1025.mp3,Pexels/content-relevant downloaded photograph,edge-tts generated speech
TECH_1017,tech_software,P5,TECH_1017.jpg,TECH_1017.mp3,Pexels/content-relevant downloaded photograph,edge-tts generated speech
TECH_1005,tech_software,P5,TECH_1005.jpg,TECH_1005.mp3,Pexels/content-relevant downloaded photograph,edge-tts generated speech
TECH_1027,tech_software,P5,TECH_1027.jpg,TECH_1027.mp3,Pexels/content-relevant downloaded photograph,edge-tts generated speech
TECH_1014,tech_software,P5,TECH_1014.jpg,TECH_1014.mp3,Pexels/content-relevant downloaded photograph,edge-tts generated speech
TECH_0783,tech_software,P5,TECH_0783.jpg,TECH_0783.mp3,Pexels/content-relevant downloaded photograph,edge-tts generated speech
TECH_1049,tech_software,P7,TECH_1049.jpg,TECH_1049.mp3,Pexels/content-relevant downloaded photograph,edge-tts generated speech
TECH_1030,tech_software,P7,TECH_1030.jpg,TECH_1030.mp3,Pexels/content-relevant downloaded photograph,edge-tts generated speech
TECH_0808,tech_software,P7,TECH_0808.jpg,TECH_0808.mp3,Pexels/content-relevant downloaded photograph,edge-tts generated speech
TECH_0768,tech_software,P7,TECH_0768.jpg,TECH_0768.mp3,Pexels/content-relevant downloaded photograph,edge-tts generated speech
TECH_0780,tech_software,P7,TECH_0780.jpg,TECH_0780.mp3,Pexels/content-relevant downloaded photograph,edge-tts generated speech
TECH_1056,tech_software,P7,TECH_1056.jpg,TECH_1056.mp3,Pexels/content-relevant downloaded photograph,edge-tts generated speech
TECH_0844,tech_software,P7,TECH_0844.jpg,TECH_0844.mp3,Pexels/content-relevant downloaded photograph,edge-tts generated speech
TECH_0804,tech_software,P7,TECH_0804.jpg,TECH_0804.mp3,Pexels/content-relevant downloaded photograph,edge-tts generated speech
TECH_1052,tech_software,P7,TECH_1052.jpg,TECH_1052.mp3,Pexels/content-relevant downloaded photograph,edge-tts generated speech
TECH_0828,tech_software,P7,TECH_0828.jpg,TECH_0828.mp3,Pexels/content-relevant downloaded photograph,edge-tts generated speech
TECH_1045,tech_software,P7,TECH_1045.jpg,TECH_1045.mp3,Pexels/content-relevant downloaded photograph,edge-tts generated speech
TECH_0872,tech_software,P4,TECH_0872.jpg,TECH_0872.mp3,Pexels/content-relevant downloaded photograph,edge-tts generated speech
TECH_0890,tech_software,P4,TECH_0890.jpg,TECH_0890.mp3,Pexels/content-relevant downloaded photograph,edge-tts generated speech
TECH_0915,tech_software,P4,TECH_0915.jpg,TECH_0915.mp3,Pexels/content-relevant downloaded photograph,edge-tts generated speech
TECH_0859,tech_software,P4,TECH_0859.jpg,TECH_0859.mp3,Pexels/content-relevant downloaded photograph,edge-tts generated speech
TECH_0906,tech_software,P4,TECH_0906.jpg,TECH_0906.mp3,Pexels/content-relevant downloaded photograph,edge-tts generated speech
TECH_0873,tech_software,P6,TECH_0873.jpg,TECH_0873.mp3,Pexels/content-relevant downloaded photograph,edge-tts generated speech
TECH_0877,tech_software,P6,TECH_0877.jpg,TECH_0877.mp3,Pexels/content-relevant downloaded photograph,edge-tts generated speech
TECH_0860,tech_software,P6,TECH_0860.jpg,TECH_0860.mp3,Pexels/content-relevant downloaded photograph,edge-tts generated speech
TECH_0887,tech_software,P6,TECH_0887.jpg,TECH_0887.mp3,Pexels/content-relevant downloaded photograph,edge-tts generated speech
TECH_1081,tech_software,P8,TECH_1081.jpg,TECH_1081.mp3,Pexels/content-relevant downloaded photograph,edge-tts generated speech
TECH_1063,tech_software,P8,TECH_1063.jpg,TECH_1063.mp3,Pexels/content-relevant downloaded photograph,edge-tts generated speech
TECH_0917,tech_software,P8,TECH_0917.jpg,TECH_0917.mp3,Pexels/content-relevant downloaded photograph,edge-tts generated speech
TECH_0868,tech_software,P8,TECH_0868.jpg,TECH_0868.mp3,Pexels/content-relevant downloaded photograph,edge-tts generated speech
TECH_1074,tech_software,P8,TECH_1074.jpg,TECH_1074.mp3,Pexels/content-relevant downloaded photograph,edge-tts generated speech
TECH_1086,tech_software,P8,TECH_1086.jpg,TECH_1086.mp3,Pexels/content-relevant downloaded photograph,edge-tts generated speech
TECH_1077,tech_software,P8,TECH_1077.jpg,TECH_1077.mp3,Pexels/content-relevant downloaded photograph,edge-tts generated speech
TECH_1085,tech_software,P8,TECH_1085.jpg,TECH_1085.mp3,Pexels/content-relevant downloaded photograph,edge-tts generated speech
TECH_1069,tech_software,P8,TECH_1069.jpg,TECH_1069.mp3,Pexels/content-relevant downloaded photograph,edge-tts generated speech
TECH_1079,tech_software,P8,TECH_1079.jpg,TECH_1079.mp3,Pexels/content-relevant downloaded photograph,edge-tts generated speech
TECH_0914,tech_software,P8,TECH_0914.jpg,TECH_0914.mp3,Pexels/content-relevant downloaded photograph,edge-tts generated speech
TECH_0879,tech_software,P2,TECH_0879.jpg,TECH_0879.mp3,Pexels/content-relevant downloaded photograph,edge-tts generated speech
TECH_0901,tech_software,P2,TECH_0901.jpg,TECH_0901.mp3,Pexels/content-relevant downloaded photograph,edge-tts generated speech
TECH_0885,tech_software,P2,TECH_0885.jpg,TECH_0885.mp3,Pexels/content-relevant downloaded photograph,edge-tts generated speech
TECH_0892,tech_software,P2,TECH_0892.jpg,TECH_0892.mp3,Pexels/content-relevant downloaded photograph,edge-tts generated speech
TECH_0949,tech_software,P2,TECH_0949.jpg,TECH_0949.mp3,Pexels/content-relevant downloaded photograph,edge-tts generated speech
TECH_1227,tech_software,HN,TECH_1227.jpg,TECH_1227.mp3,Pexels/content-relevant downloaded photograph,edge-tts generated speech
TECH_0981,tech_software,HN,TECH_0981.jpg,TECH_0981.mp3,Pexels/content-relevant downloaded photograph,edge-tts generated speech
TECH_0933,tech_software,HN,TECH_0933.jpg,TECH_0933.mp3,Pexels/content-relevant downloaded photograph,edge-tts generated speech
TECH_0967,tech_software,HN,TECH_0967.jpg,TECH_0967.mp3,Pexels/content-relevant downloaded photograph,edge-tts generated speech
TECH_1000,tech_software,HN,TECH_1000.jpg,TECH_1000.mp3,Pexels/content-relevant downloaded photograph,edge-tts generated speech
TECH_0989,tech_software,HN,TECH_0989.jpg,TECH_0989.mp3,Pexels/content-relevant downloaded photograph,edge-tts generated speech
TECH_0938,tech_software,HN,TECH_0938.jpg,TECH_0938.mp3,Pexels/content-relevant downloaded photograph,edge-tts generated speech
TECH_0924,tech_software,HN,TECH_0924.jpg,TECH_0924.mp3,Pexels/content-relevant downloaded photograph,edge-tts generated speech
TECH_0988,tech_software,HN,TECH_0988.jpg,TECH_0988.mp3,Pexels/content-relevant downloaded photograph,edge-tts generated speech
TECH_0942,tech_software,HN,TECH_0942.jpg,TECH_0942.mp3,Pexels/content-relevant downloaded photograph,edge-tts generated speech
TECH_1218,tech_software,HN,TECH_1218.jpg,TECH_1218.mp3,Pexels/content-relevant downloaded photograph,edge-tts generated speech
TECH_1219,tech_software,HN,TECH_1219.jpg,TECH_1219.mp3,Pexels/content-relevant downloaded photograph,edge-tts generated speech
TECH_0974,tech_software,HN,TECH_0974.jpg,TECH_0974.mp3,Pexels/content-relevant downloaded photograph,edge-tts generated speech
TECH_0973,tech_software,HN,TECH_0973.jpg,TECH_0973.mp3,Pexels/content-relevant downloaded photograph,edge-tts generated speech
TECH_1238,tech_software,HN,TECH_1238.jpg,TECH_1238.mp3,Pexels/content-relevant downloaded photograph,edge-tts generated speech
TECH_1225,tech_software,HN,TECH_1225.jpg,TECH_1225.mp3,Pexels/content-relevant downloaded photograph,edge-tts generated speech
TECH_0985,tech_software,HN,TECH_0985.jpg,TECH_0985.mp3,Pexels/content-relevant downloaded photograph,edge-tts generated speech
TECH_1230,tech_software,HN,TECH_1230.jpg,TECH_1230.mp3,Pexels/content-relevant downloaded photograph,edge-tts generated speech
TECH_0965,tech_software,HN,TECH_0965.jpg,TECH_0965.mp3,Pexels/content-relevant downloaded photograph,edge-tts generated speech
TECH_0926,tech_software,HN,TECH_0926.jpg,TECH_0926.mp3,Pexels/content-relevant downloaded photograph,edge-tts generated speech
TECH_0977,tech_software,HN,TECH_0977.jpg,TECH_0977.mp3,Pexels/content-relevant downloaded photograph,edge-tts generated speech
TECH_1234,tech_software,HN,TECH_1234.jpg,TECH_1234.mp3,Pexels/content-relevant downloaded photograph,edge-tts generated speech
TECH_1244,tech_software,HN,TECH_1244.jpg,TECH_1244.mp3,Pexels/content-relevant downloaded photograph,edge-tts generated speech
TECH_0954,tech_software,HN,TECH_0954.jpg,TECH_0954.mp3,Pexels/content-relevant downloaded photograph,edge-tts generated speech
REST_1025,restaurant,P1,REST_1025.jpg,REST_1025.mp3,Pexels/content-relevant downloaded photograph,edge-tts generated speech
REST_1082,restaurant,P1,REST_1082.jpg,REST_1082.mp3,Pexels/content-relevant downloaded photograph,edge-tts generated speech
REST_1029,restaurant,P1,REST_1029.jpg,REST_1029.mp3,Pexels/content-relevant downloaded photograph,edge-tts generated speech
REST_1046,restaurant,P1,REST_1046.jpg,REST_1046.mp3,Pexels/content-relevant downloaded photograph,edge-tts generated speech
REST_1100,restaurant,P1,REST_1100.jpg,REST_1100.mp3,Pexels/content-relevant downloaded photograph,edge-tts generated speech
REST_1030,restaurant,P1,REST_1030.jpg,REST_1030.mp3,Pexels/content-relevant downloaded photograph,edge-tts generated speech
REST_1037,restaurant,P1,REST_1037.jpg,REST_1037.mp3,Pexels/content-relevant downloaded photograph,edge-tts generated speech
REST_1064,restaurant,P1,REST_1064.jpg,REST_1064.mp3,Pexels/content-relevant downloaded photograph,edge-tts generated speech
REST_1078,restaurant,P1,REST_1078.jpg,REST_1078.mp3,Pexels/content-relevant downloaded photograph,edge-tts generated speech
REST_1007,restaurant,P1,REST_1007.jpg,REST_1007.mp3,Pexels/content-relevant downloaded photograph,edge-tts generated speech
REST_1088,restaurant,P1,REST_1088.jpg,REST_1088.mp3,Pexels/content-relevant downloaded photograph,edge-tts generated speech
REST_1073,restaurant,P1,REST_1073.jpg,REST_1073.mp3,Pexels/content-relevant downloaded photograph,edge-tts generated speech
REST_1002,restaurant,P1,REST_1002.jpg,REST_1002.mp3,Pexels/content-relevant downloaded photograph,edge-tts generated speech
REST_1036,restaurant,P1,REST_1036.jpg,REST_1036.mp3,Pexels/content-relevant downloaded photograph,edge-tts generated speech
REST_1051,restaurant,P1,REST_1051.jpg,REST_1051.mp3,Pexels/content-relevant downloaded photograph,edge-tts generated speech
REST_1085,restaurant,P1,REST_1085.jpg,REST_1085.mp3,Pexels/content-relevant downloaded photograph,edge-tts generated speech
REST_1003,restaurant,P1,REST_1003.jpg,REST_1003.mp3,Pexels/content-relevant downloaded photograph,edge-tts generated speech
REST_1183,restaurant,P1,REST_1183.jpg,REST_1183.mp3,Pexels/content-relevant downloaded photograph,edge-tts generated speech
REST_1090,restaurant,P1,REST_1090.jpg,REST_1090.mp3,Pexels/content-relevant downloaded photograph,edge-tts generated speech
REST_1038,restaurant,P1,REST_1038.jpg,REST_1038.mp3,Pexels/content-relevant downloaded photograph,edge-tts generated speech
REST_1074,restaurant,P1,REST_1074.jpg,REST_1074.mp3,Pexels/content-relevant downloaded photograph,edge-tts generated speech
REST_1135,restaurant,P2,REST_1135.jpg,REST_1135.mp3,Pexels/content-relevant downloaded photograph,edge-tts generated speech
REST_1167,restaurant,P2,REST_1167.jpg,REST_1167.mp3,Pexels/content-relevant downloaded photograph,edge-tts generated speech
REST_1107,restaurant,P2,REST_1107.jpg,REST_1107.mp3,Pexels/content-relevant downloaded photograph,edge-tts generated speech
REST_1145,restaurant,P2,REST_1145.jpg,REST_1145.mp3,Pexels/content-relevant downloaded photograph,edge-tts generated speech
REST_1130,restaurant,P2,REST_1130.jpg,REST_1130.mp3,Pexels/content-relevant downloaded photograph,edge-tts generated speech
REST_1160,restaurant,P2,REST_1160.jpg,REST_1160.mp3,Pexels/content-relevant downloaded photograph,edge-tts generated speech
REST_1110,restaurant,P2,REST_1110.jpg,REST_1110.mp3,Pexels/content-relevant downloaded photograph,edge-tts generated speech
REST_1150,restaurant,P2,REST_1150.jpg,REST_1150.mp3,Pexels/content-relevant downloaded photograph,edge-tts generated speech
REST_1204,restaurant,P2,REST_1204.jpg,REST_1204.mp3,Pexels/content-relevant downloaded photograph,edge-tts generated speech
REST_1141,restaurant,P2,REST_1141.jpg,REST_1141.mp3,Pexels/content-relevant downloaded photograph,edge-tts generated speech
REST_1157,restaurant,P2,REST_1157.jpg,REST_1157.mp3,Pexels/content-relevant downloaded photograph,edge-tts generated speech
REST_1151,restaurant,P2,REST_1151.jpg,REST_1151.mp3,Pexels/content-relevant downloaded photograph,edge-tts generated speech
REST_1162,restaurant,P2,REST_1162.jpg,REST_1162.mp3,Pexels/content-relevant downloaded photograph,edge-tts generated speech
REST_1153,restaurant,P2,REST_1153.jpg,REST_1153.mp3,Pexels/content-relevant downloaded photograph,edge-tts generated speech
REST_1118,restaurant,P2,REST_1118.jpg,REST_1118.mp3,Pexels/content-relevant downloaded photograph,edge-tts generated speech
REST_1215,restaurant,HN,REST_1215.jpg,REST_1215.mp3,Pexels/content-relevant downloaded photograph,edge-tts generated speech
REST_1226,restaurant,HN,REST_1226.jpg,REST_1226.mp3,Pexels/content-relevant downloaded photograph,edge-tts generated speech
REST_1229,restaurant,HN,REST_1229.jpg,REST_1229.mp3,Pexels/content-relevant downloaded photograph,edge-tts generated speech
REST_1173,restaurant,HN,REST_1173.jpg,REST_1173.mp3,Pexels/content-relevant downloaded photograph,edge-tts generated speech
REST_2113,restaurant,HN,REST_2113.jpg,REST_2113.mp3,Pexels/content-relevant downloaded photograph,edge-tts generated speech
REST_1179,restaurant,HN,REST_1179.jpg,REST_1179.mp3,Pexels/content-relevant downloaded photograph,edge-tts generated speech
REST_1237,restaurant,HN,REST_1237.jpg,REST_1237.mp3,Pexels/content-relevant downloaded photograph,edge-tts generated speech
REST_1222,restaurant,HN,REST_1222.jpg,REST_1222.mp3,Pexels/content-relevant downloaded photograph,edge-tts generated speech
REST_2112,restaurant,HN,REST_2112.jpg,REST_2112.mp3,Pexels/content-relevant downloaded photograph,edge-tts generated speech
REST_2133,restaurant,HN,REST_2133.jpg,REST_2133.mp3,Pexels/content-relevant downloaded photograph,edge-tts generated speech
REST_1171,restaurant,HN,REST_1171.jpg,REST_1171.mp3,Pexels/content-relevant downloaded photograph,edge-tts generated speech
REST_1200,restaurant,HN,REST_1200.jpg,REST_1200.mp3,Pexels/content-relevant downloaded photograph,edge-tts generated speech
REST_1188,restaurant,HN,REST_1188.jpg,REST_1188.mp3,Pexels/content-relevant downloaded photograph,edge-tts generated speech
REST_1126,restaurant,HN,REST_1126.jpg,REST_1126.mp3,Pexels/content-relevant downloaded photograph,edge-tts generated speech
REST_1210,restaurant,HN,REST_1210.jpg,REST_1210.mp3,Pexels/content-relevant downloaded photograph,edge-tts generated speech
REST_1245,restaurant,HN,REST_1245.jpg,REST_1245.mp3,Pexels/content-relevant downloaded photograph,edge-tts generated speech
REST_1196,restaurant,HN,REST_1196.jpg,REST_1196.mp3,Pexels/content-relevant downloaded photograph,edge-tts generated speech
REST_2118,restaurant,HN,REST_2118.jpg,REST_2118.mp3,Pexels/content-relevant downloaded photograph,edge-tts generated speech
REST_2119,restaurant,HN,REST_2119.jpg,REST_2119.mp3,Pexels/content-relevant downloaded photograph,edge-tts generated speech
REST_1214,restaurant,HN,REST_1214.jpg,REST_1214.mp3,Pexels/content-relevant downloaded photograph,edge-tts generated speech
REST_1123,restaurant,HN,REST_1123.jpg,REST_1123.mp3,Pexels/content-relevant downloaded photograph,edge-tts generated speech
REST_1181,restaurant,HN,REST_1181.jpg,REST_1181.mp3,Pexels/content-relevant downloaded photograph,edge-tts generated speech
REST_1168,restaurant,HN,REST_1168.jpg,REST_1168.mp3,Pexels/content-relevant downloaded photograph,edge-tts generated speech
REST_2128,restaurant,HN,REST_2128.jpg,REST_2128.mp3,Pexels/content-relevant downloaded photograph,edge-tts generated speech
REST_2102,restaurant,HN,REST_2102.jpg,REST_2102.mp3,Pexels/content-relevant downloaded photograph,edge-tts generated speech
REST_1345,restaurant,P1,REST_1345.jpg,REST_1345.mp3,Pexels/content-relevant downloaded photograph,edge-tts generated speech
REST_1305,restaurant,P1,REST_1305.jpg,REST_1305.mp3,Pexels/content-relevant downloaded photograph,edge-tts generated speech
REST_1456,restaurant,P1,REST_1456.jpg,REST_1456.mp3,Pexels/content-relevant downloaded photograph,edge-tts generated speech
REST_1323,restaurant,P1,REST_1323.jpg,REST_1323.mp3,Pexels/content-relevant downloaded photograph,edge-tts generated speech
REST_1285,restaurant,P1,REST_1285.jpg,REST_1285.mp3,Pexels/content-relevant downloaded photograph,edge-tts generated speech
REST_1265,restaurant,P1,REST_1265.jpg,REST_1265.mp3,Pexels/content-relevant downloaded photograph,edge-tts generated speech
REST_1297,restaurant,P1,REST_1297.jpg,REST_1297.mp3,Pexels/content-relevant downloaded photograph,edge-tts generated speech
REST_1321,restaurant,P1,REST_1321.jpg,REST_1321.mp3,Pexels/content-relevant downloaded photograph,edge-tts generated speech
REST_1295,restaurant,P1,REST_1295.jpg,REST_1295.mp3,Pexels/content-relevant downloaded photograph,edge-tts generated speech
REST_1263,restaurant,P1,REST_1263.jpg,REST_1263.mp3,Pexels/content-relevant downloaded photograph,edge-tts generated speech
REST_1280,restaurant,P1,REST_1280.jpg,REST_1280.mp3,Pexels/content-relevant downloaded photograph,edge-tts generated speech
REST_1277,restaurant,P3,REST_1277.jpg,REST_1277.mp3,Pexels/content-relevant downloaded photograph,edge-tts generated speech
REST_1350,restaurant,P3,REST_1350.jpg,REST_1350.mp3,Pexels/content-relevant downloaded photograph,edge-tts generated speech
REST_1304,restaurant,P3,REST_1304.jpg,REST_1304.mp3,Pexels/content-relevant downloaded photograph,edge-tts generated speech
REST_1348,restaurant,P3,REST_1348.jpg,REST_1348.mp3,Pexels/content-relevant downloaded photograph,edge-tts generated speech
REST_1328,restaurant,P3,REST_1328.jpg,REST_1328.mp3,Pexels/content-relevant downloaded photograph,edge-tts generated speech
REST_1314,restaurant,P3,REST_1314.jpg,REST_1314.mp3,Pexels/content-relevant downloaded photograph,edge-tts generated speech
REST_1306,restaurant,P3,REST_1306.jpg,REST_1306.mp3,Pexels/content-relevant downloaded photograph,edge-tts generated speech
REST_1336,restaurant,P3,REST_1336.jpg,REST_1336.mp3,Pexels/content-relevant downloaded photograph,edge-tts generated speech
REST_1308,restaurant,P3,REST_1308.jpg,REST_1308.mp3,Pexels/content-relevant downloaded photograph,edge-tts generated speech
REST_1286,restaurant,P3,REST_1286.jpg,REST_1286.mp3,Pexels/content-relevant downloaded photograph,edge-tts generated speech
REST_1365,restaurant,P2,REST_1365.jpg,REST_1365.mp3,Pexels/content-relevant downloaded photograph,edge-tts generated speech
REST_1385,restaurant,P2,REST_1385.jpg,REST_1385.mp3,Pexels/content-relevant downloaded photograph,edge-tts generated speech
REST_1403,restaurant,P2,REST_1403.jpg,REST_1403.mp3,Pexels/content-relevant downloaded photograph,edge-tts generated speech
REST_1401,restaurant,P2,REST_1401.jpg,REST_1401.mp3,Pexels/content-relevant downloaded photograph,edge-tts generated speech
REST_1443,restaurant,P2,REST_1443.jpg,REST_1443.mp3,Pexels/content-relevant downloaded photograph,edge-tts generated speech
REST_1405,restaurant,P2,REST_1405.jpg,REST_1405.mp3,Pexels/content-relevant downloaded photograph,edge-tts generated speech
REST_1424,restaurant,P2,REST_1424.jpg,REST_1424.mp3,Pexels/content-relevant downloaded photograph,edge-tts generated speech
REST_1389,restaurant,P2,REST_1389.jpg,REST_1389.mp3,Pexels/content-relevant downloaded photograph,edge-tts generated speech
REST_1359,restaurant,P2,REST_1359.jpg,REST_1359.mp3,Pexels/content-relevant downloaded photograph,edge-tts generated speech
REST_1358,restaurant,P4,REST_1358.jpg,REST_1358.mp3,Pexels/content-relevant downloaded photograph,edge-tts generated speech
REST_1366,restaurant,P4,REST_1366.jpg,REST_1366.mp3,Pexels/content-relevant downloaded photograph,edge-tts generated speech
REST_1360,restaurant,P4,REST_1360.jpg,REST_1360.mp3,Pexels/content-relevant downloaded photograph,edge-tts generated speech
REST_1412,restaurant,P4,REST_1412.jpg,REST_1412.mp3,Pexels/content-relevant downloaded photograph,edge-tts generated speech
REST_1394,restaurant,P4,REST_1394.jpg,REST_1394.mp3,Pexels/content-relevant downloaded photograph,edge-tts generated speech
REST_1406,restaurant,P4,REST_1406.jpg,REST_1406.mp3,Pexels/content-relevant downloaded photograph,edge-tts generated speech
REST_1400,restaurant,P4,REST_1400.jpg,REST_1400.mp3,Pexels/content-relevant downloaded photograph,edge-tts generated speech
REST_1494,restaurant,HN,REST_1494.jpg,REST_1494.mp3,Pexels/content-relevant downloaded photograph,edge-tts generated speech
REST_1498,restaurant,HN,REST_1498.jpg,REST_1498.mp3,Pexels/content-relevant downloaded photograph,edge-tts generated speech
REST_2167,restaurant,HN,REST_2167.jpg,REST_2167.mp3,Pexels/content-relevant downloaded photograph,edge-tts generated speech
REST_1472,restaurant,HN,REST_1472.jpg,REST_1472.mp3,Pexels/content-relevant downloaded photograph,edge-tts generated speech
REST_2170,restaurant,HN,REST_2170.jpg,REST_2170.mp3,Pexels/content-relevant downloaded photograph,edge-tts generated speech
REST_1500,restaurant,HN,REST_1500.jpg,REST_1500.mp3,Pexels/content-relevant downloaded photograph,edge-tts generated speech
REST_2138,restaurant,HN,REST_2138.jpg,REST_2138.mp3,Pexels/content-relevant downloaded photograph,edge-tts generated speech
REST_1431,restaurant,HN,REST_1431.jpg,REST_1431.mp3,Pexels/content-relevant downloaded photograph,edge-tts generated speech
REST_2142,restaurant,HN,REST_2142.jpg,REST_2142.mp3,Pexels/content-relevant downloaded photograph,edge-tts generated speech
REST_2169,restaurant,HN,REST_2169.jpg,REST_2169.mp3,Pexels/content-relevant downloaded photograph,edge-tts generated speech
REST_1458,restaurant,HN,REST_1458.jpg,REST_1458.mp3,Pexels/content-relevant downloaded photograph,edge-tts generated speech
REST_1470,restaurant,HN,REST_1470.jpg,REST_1470.mp3,Pexels/content-relevant downloaded photograph,edge-tts generated speech
REST_2172,restaurant,HN,REST_2172.jpg,REST_2172.mp3,Pexels/content-relevant downloaded photograph,edge-tts generated speech
REST_1422,restaurant,HN,REST_1422.jpg,REST_1422.mp3,Pexels/content-relevant downloaded photograph,edge-tts generated speech
REST_1480,restaurant,HN,REST_1480.jpg,REST_1480.mp3,Pexels/content-relevant downloaded photograph,edge-tts generated speech
REST_1482,restaurant,HN,REST_1482.jpg,REST_1482.mp3,Pexels/content-relevant downloaded photograph,edge-tts generated speech
REST_1462,restaurant,HN,REST_1462.jpg,REST_1462.mp3,Pexels/content-relevant downloaded photograph,edge-tts generated speech
REST_1429,restaurant,HN,REST_1429.jpg,REST_1429.mp3,Pexels/content-relevant downloaded photograph,edge-tts generated speech
REST_1487,restaurant,HN,REST_1487.jpg,REST_1487.mp3,Pexels/content-relevant downloaded photograph,edge-tts generated speech
REST_1468,restaurant,HN,REST_1468.jpg,REST_1468.mp3,Pexels/content-relevant downloaded photograph,edge-tts generated speech
REST_1426,restaurant,HN,REST_1426.jpg,REST_1426.mp3,Pexels/content-relevant downloaded photograph,edge-tts generated speech
REST_1499,restaurant,HN,REST_1499.jpg,REST_1499.mp3,Pexels/content-relevant downloaded photograph,edge-tts generated speech
REST_1457,restaurant,HN,REST_1457.jpg,REST_1457.mp3,Pexels/content-relevant downloaded photograph,edge-tts generated speech
REST_2161,restaurant,HN,REST_2161.jpg,REST_2161.mp3,Pexels/content-relevant downloaded photograph,edge-tts generated speech
REST_1589,restaurant,P1,REST_1589.jpg,REST_1589.mp3,Pexels/content-relevant downloaded photograph,edge-tts generated speech
REST_1599,restaurant,P1,REST_1599.jpg,REST_1599.mp3,Pexels/content-relevant downloaded photograph,edge-tts generated speech
REST_1524,restaurant,P1,REST_1524.jpg,REST_1524.mp3,Pexels/content-relevant downloaded photograph,edge-tts generated speech
REST_1522,restaurant,P1,REST_1522.jpg,REST_1522.mp3,Pexels/content-relevant downloaded photograph,edge-tts generated speech
REST_1519,restaurant,P1,REST_1519.jpg,REST_1519.mp3,Pexels/content-relevant downloaded photograph,edge-tts generated speech
REST_1551,restaurant,P1,REST_1551.jpg,REST_1551.mp3,Pexels/content-relevant downloaded photograph,edge-tts generated speech
REST_1579,restaurant,P1,REST_1579.jpg,REST_1579.mp3,Pexels/content-relevant downloaded photograph,edge-tts generated speech
REST_1517,restaurant,P1,REST_1517.jpg,REST_1517.mp3,Pexels/content-relevant downloaded photograph,edge-tts generated speech
REST_1581,restaurant,P1,REST_1581.jpg,REST_1581.mp3,Pexels/content-relevant downloaded photograph,edge-tts generated speech
REST_1750,restaurant,P1,REST_1750.jpg,REST_1750.mp3,Pexels/content-relevant downloaded photograph,edge-tts generated speech
REST_1568,restaurant,P6,REST_1568.jpg,REST_1568.mp3,Pexels/content-relevant downloaded photograph,edge-tts generated speech
REST_1604,restaurant,P6,REST_1604.jpg,REST_1604.mp3,Pexels/content-relevant downloaded photograph,edge-tts generated speech
REST_1514,restaurant,P6,REST_1514.jpg,REST_1514.mp3,Pexels/content-relevant downloaded photograph,edge-tts generated speech
REST_1612,restaurant,P6,REST_1612.jpg,REST_1612.mp3,Pexels/content-relevant downloaded photograph,edge-tts generated speech
REST_1508,restaurant,P6,REST_1508.jpg,REST_1508.mp3,Pexels/content-relevant downloaded photograph,edge-tts generated speech
REST_1592,restaurant,P6,REST_1592.jpg,REST_1592.mp3,Pexels/content-relevant downloaded photograph,edge-tts generated speech
REST_1658,restaurant,P6,REST_1658.jpg,REST_1658.mp3,Pexels/content-relevant downloaded photograph,edge-tts generated speech
REST_1560,restaurant,P6,REST_1560.jpg,REST_1560.mp3,Pexels/content-relevant downloaded photograph,edge-tts generated speech
REST_1523,restaurant,P6,REST_1523.jpg,REST_1523.mp3,Pexels/content-relevant downloaded photograph,edge-tts generated speech
REST_1616,restaurant,P6,REST_1616.jpg,REST_1616.mp3,Pexels/content-relevant downloaded photograph,edge-tts generated speech
REST_1539,restaurant,P6,REST_1539.jpg,REST_1539.mp3,Pexels/content-relevant downloaded photograph,edge-tts generated speech
REST_1640,restaurant,P6,REST_1640.jpg,REST_1640.mp3,Pexels/content-relevant downloaded photograph,edge-tts generated speech
REST_1620,restaurant,P6,REST_1620.jpg,REST_1620.mp3,Pexels/content-relevant downloaded photograph,edge-tts generated speech
REST_1572,restaurant,P6,REST_1572.jpg,REST_1572.mp3,Pexels/content-relevant downloaded photograph,edge-tts generated speech
REST_1544,restaurant,P6,REST_1544.jpg,REST_1544.mp3,Pexels/content-relevant downloaded photograph,edge-tts generated speech
REST_1521,restaurant,P6,REST_1521.jpg,REST_1521.mp3,Pexels/content-relevant downloaded photograph,edge-tts generated speech
REST_1576,restaurant,P6,REST_1576.jpg,REST_1576.mp3,Pexels/content-relevant downloaded photograph,edge-tts generated speech
REST_1629,restaurant,P2,REST_1629.jpg,REST_1629.mp3,Pexels/content-relevant downloaded photograph,edge-tts generated speech
REST_1663,restaurant,P2,REST_1663.jpg,REST_1663.mp3,Pexels/content-relevant downloaded photograph,edge-tts generated speech
REST_1623,restaurant,P2,REST_1623.jpg,REST_1623.mp3,Pexels/content-relevant downloaded photograph,edge-tts generated speech
REST_1601,restaurant,P2,REST_1601.jpg,REST_1601.mp3,Pexels/content-relevant downloaded photograph,edge-tts generated speech
REST_1740,restaurant,P2,REST_1740.jpg,REST_1740.mp3,Pexels/content-relevant downloaded photograph,edge-tts generated speech
REST_1742,restaurant,P2,REST_1742.jpg,REST_1742.mp3,Pexels/content-relevant downloaded photograph,edge-tts generated speech
REST_1607,restaurant,P2,REST_1607.jpg,REST_1607.mp3,Pexels/content-relevant downloaded photograph,edge-tts generated speech
REST_1746,restaurant,HN,REST_1746.jpg,REST_1746.mp3,Pexels/content-relevant downloaded photograph,edge-tts generated speech
REST_1637,restaurant,HN,REST_1637.jpg,REST_1637.mp3,Pexels/content-relevant downloaded photograph,edge-tts generated speech
REST_2189,restaurant,HN,REST_2189.jpg,REST_2189.mp3,Pexels/content-relevant downloaded photograph,edge-tts generated speech
REST_1705,restaurant,HN,REST_1705.jpg,REST_1705.mp3,Pexels/content-relevant downloaded photograph,edge-tts generated speech
REST_1696,restaurant,HN,REST_1696.jpg,REST_1696.mp3,Pexels/content-relevant downloaded photograph,edge-tts generated speech
REST_1684,restaurant,HN,REST_1684.jpg,REST_1684.mp3,Pexels/content-relevant downloaded photograph,edge-tts generated speech
REST_1745,restaurant,HN,REST_1745.jpg,REST_1745.mp3,Pexels/content-relevant downloaded photograph,edge-tts generated speech
REST_2186,restaurant,HN,REST_2186.jpg,REST_2186.mp3,Pexels/content-relevant downloaded photograph,edge-tts generated speech
REST_2214,restaurant,HN,REST_2214.jpg,REST_2214.mp3,Pexels/content-relevant downloaded photograph,edge-tts generated speech
REST_1692,restaurant,HN,REST_1692.jpg,REST_1692.mp3,Pexels/content-relevant downloaded photograph,edge-tts generated speech
REST_1720,restaurant,HN,REST_1720.jpg,REST_1720.mp3,Pexels/content-relevant downloaded photograph,edge-tts generated speech
REST_1730,restaurant,HN,REST_1730.jpg,REST_1730.mp3,Pexels/content-relevant downloaded photograph,edge-tts generated speech
REST_2194,restaurant,HN,REST_2194.jpg,REST_2194.mp3,Pexels/content-relevant downloaded photograph,edge-tts generated speech
REST_1710,restaurant,HN,REST_1710.jpg,REST_1710.mp3,Pexels/content-relevant downloaded photograph,edge-tts generated speech
REST_1726,restaurant,HN,REST_1726.jpg,REST_1726.mp3,Pexels/content-relevant downloaded photograph,edge-tts generated speech
REST_1699,restaurant,HN,REST_1699.jpg,REST_1699.mp3,Pexels/content-relevant downloaded photograph,edge-tts generated speech
REST_1700,restaurant,HN,REST_1700.jpg,REST_1700.mp3,Pexels/content-relevant downloaded photograph,edge-tts generated speech
REST_2211,restaurant,HN,REST_2211.jpg,REST_2211.mp3,Pexels/content-relevant downloaded photograph,edge-tts generated speech
REST_2203,restaurant,HN,REST_2203.jpg,REST_2203.mp3,Pexels/content-relevant downloaded photograph,edge-tts generated speech
REST_2212,restaurant,HN,REST_2212.jpg,REST_2212.mp3,Pexels/content-relevant downloaded photograph,edge-tts generated speech
REST_2191,restaurant,HN,REST_2191.jpg,REST_2191.mp3,Pexels/content-relevant downloaded photograph,edge-tts generated speech
REST_1635,restaurant,HN,REST_1635.jpg,REST_1635.mp3,Pexels/content-relevant downloaded photograph,edge-tts generated speech
REST_1685,restaurant,HN,REST_1685.jpg,REST_1685.mp3,Pexels/content-relevant downloaded photograph,edge-tts generated speech
REST_1697,restaurant,HN,REST_1697.jpg,REST_1697.mp3,Pexels/content-relevant downloaded photograph,edge-tts generated speech
REST_1633,restaurant,HN,REST_1633.jpg,REST_1633.mp3,Pexels/content-relevant downloaded photograph,edge-tts generated speech
REST_1759,restaurant,P1,REST_1759.jpg,REST_1759.mp3,Pexels/content-relevant downloaded photograph,edge-tts generated speech
REST_1765,restaurant,P1,REST_1765.jpg,REST_1765.mp3,Pexels/content-relevant downloaded photograph,edge-tts generated speech
REST_1761,restaurant,P1,REST_1761.jpg,REST_1761.mp3,Pexels/content-relevant downloaded photograph,edge-tts generated speech
REST_1775,restaurant,P1,REST_1775.jpg,REST_1775.mp3,Pexels/content-relevant downloaded photograph,edge-tts generated speech
REST_1805,restaurant,P1,REST_1805.jpg,REST_1805.mp3,Pexels/content-relevant downloaded photograph,edge-tts generated speech
REST_1829,restaurant,P1,REST_1829.jpg,REST_1829.mp3,Pexels/content-relevant downloaded photograph,edge-tts generated speech
REST_1846,restaurant,P3,REST_1846.jpg,REST_1846.mp3,Pexels/content-relevant downloaded photograph,edge-tts generated speech
REST_1800,restaurant,P3,REST_1800.jpg,REST_1800.mp3,Pexels/content-relevant downloaded photograph,edge-tts generated speech
REST_1850,restaurant,P3,REST_1850.jpg,REST_1850.mp3,Pexels/content-relevant downloaded photograph,edge-tts generated speech
REST_1812,restaurant,P3,REST_1812.jpg,REST_1812.mp3,Pexels/content-relevant downloaded photograph,edge-tts generated speech
REST_1810,restaurant,P3,REST_1810.jpg,REST_1810.mp3,Pexels/content-relevant downloaded photograph,edge-tts generated speech
REST_1790,restaurant,P3,REST_1790.jpg,REST_1790.mp3,Pexels/content-relevant downloaded photograph,edge-tts generated speech
REST_2001,restaurant,P5,REST_2001.jpg,REST_2001.mp3,Pexels/content-relevant downloaded photograph,edge-tts generated speech
REST_2021,restaurant,P5,REST_2021.jpg,REST_2021.mp3,Pexels/content-relevant downloaded photograph,edge-tts generated speech
REST_1803,restaurant,P5,REST_1803.jpg,REST_1803.mp3,Pexels/content-relevant downloaded photograph,edge-tts generated speech
REST_1847,restaurant,P5,REST_1847.jpg,REST_1847.mp3,Pexels/content-relevant downloaded photograph,edge-tts generated speech
REST_1797,restaurant,P5,REST_1797.jpg,REST_1797.mp3,Pexels/content-relevant downloaded photograph,edge-tts generated speech
REST_2014,restaurant,P5,REST_2014.jpg,REST_2014.mp3,Pexels/content-relevant downloaded photograph,edge-tts generated speech
REST_1787,restaurant,P5,REST_1787.jpg,REST_1787.mp3,Pexels/content-relevant downloaded photograph,edge-tts generated speech
REST_1767,restaurant,P5,REST_1767.jpg,REST_1767.mp3,Pexels/content-relevant downloaded photograph,edge-tts generated speech
REST_2013,restaurant,P5,REST_2013.jpg,REST_2013.mp3,Pexels/content-relevant downloaded photograph,edge-tts generated speech
REST_2008,restaurant,P5,REST_2008.jpg,REST_2008.mp3,Pexels/content-relevant downloaded photograph,edge-tts generated speech
REST_1793,restaurant,P5,REST_1793.jpg,REST_1793.mp3,Pexels/content-relevant downloaded photograph,edge-tts generated speech
REST_1804,restaurant,P7,REST_1804.jpg,REST_1804.mp3,Pexels/content-relevant downloaded photograph,edge-tts generated speech
REST_1768,restaurant,P7,REST_1768.jpg,REST_1768.mp3,Pexels/content-relevant downloaded photograph,edge-tts generated speech
REST_1774,restaurant,P7,REST_1774.jpg,REST_1774.mp3,Pexels/content-relevant downloaded photograph,edge-tts generated speech
REST_2039,restaurant,P7,REST_2039.jpg,REST_2039.mp3,Pexels/content-relevant downloaded photograph,edge-tts generated speech
REST_2059,restaurant,P7,REST_2059.jpg,REST_2059.mp3,Pexels/content-relevant downloaded photograph,edge-tts generated speech
REST_2035,restaurant,P7,REST_2035.jpg,REST_2035.mp3,Pexels/content-relevant downloaded photograph,edge-tts generated speech
REST_2053,restaurant,P7,REST_2053.jpg,REST_2053.mp3,Pexels/content-relevant downloaded photograph,edge-tts generated speech
REST_1828,restaurant,P7,REST_1828.jpg,REST_1828.mp3,Pexels/content-relevant downloaded photograph,edge-tts generated speech
REST_2040,restaurant,P7,REST_2040.jpg,REST_2040.mp3,Pexels/content-relevant downloaded photograph,edge-tts generated speech
REST_1848,restaurant,P7,REST_1848.jpg,REST_1848.mp3,Pexels/content-relevant downloaded photograph,edge-tts generated speech
REST_2051,restaurant,P7,REST_2051.jpg,REST_2051.mp3,Pexels/content-relevant downloaded photograph,edge-tts generated speech
REST_1853,restaurant,P2,REST_1853.jpg,REST_1853.mp3,Pexels/content-relevant downloaded photograph,edge-tts generated speech
REST_1769,restaurant,P2,REST_1769.jpg,REST_1769.mp3,Pexels/content-relevant downloaded photograph,edge-tts generated speech
REST_1889,restaurant,P2,REST_1889.jpg,REST_1889.mp3,Pexels/content-relevant downloaded photograph,edge-tts generated speech
REST_1896,restaurant,P2,REST_1896.jpg,REST_1896.mp3,Pexels/content-relevant downloaded photograph,edge-tts generated speech
REST_1976,restaurant,P2,REST_1976.jpg,REST_1976.mp3,Pexels/content-relevant downloaded photograph,edge-tts generated speech
REST_1914,restaurant,P2,REST_1914.jpg,REST_1914.mp3,Pexels/content-relevant downloaded photograph,edge-tts generated speech
REST_1931,restaurant,P2,REST_1931.jpg,REST_1931.mp3,Pexels/content-relevant downloaded photograph,edge-tts generated speech
REST_1928,restaurant,P2,REST_1928.jpg,REST_1928.mp3,Pexels/content-relevant downloaded photograph,edge-tts generated speech
REST_1870,restaurant,P4,REST_1870.jpg,REST_1870.mp3,Pexels/content-relevant downloaded photograph,edge-tts generated speech
REST_1882,restaurant,P4,REST_1882.jpg,REST_1882.mp3,Pexels/content-relevant downloaded photograph,edge-tts generated speech
REST_1872,restaurant,P4,REST_1872.jpg,REST_1872.mp3,Pexels/content-relevant downloaded photograph,edge-tts generated speech
REST_2089,restaurant,P8,REST_2089.jpg,REST_2089.mp3,Pexels/content-relevant downloaded photograph,edge-tts generated speech
REST_2097,restaurant,P8,REST_2097.jpg,REST_2097.mp3,Pexels/content-relevant downloaded photograph,edge-tts generated speech
REST_2081,restaurant,P8,REST_2081.jpg,REST_2081.mp3,Pexels/content-relevant downloaded photograph,edge-tts generated speech
REST_2087,restaurant,P8,REST_2087.jpg,REST_2087.mp3,Pexels/content-relevant downloaded photograph,edge-tts generated speech
REST_2061,restaurant,P8,REST_2061.jpg,REST_2061.mp3,Pexels/content-relevant downloaded photograph,edge-tts generated speech
REST_1907,restaurant,P8,REST_1907.jpg,REST_1907.mp3,Gemini-generated content-relevant synthetic photograph,edge-tts generated speech
REST_2096,restaurant,P8,REST_2096.jpg,REST_2096.mp3,Pexels/content-relevant downloaded photograph,edge-tts generated speech
REST_2084,restaurant,P8,REST_2084.jpg,REST_2084.mp3,Pexels/content-relevant downloaded photograph,edge-tts generated speech
REST_2070,restaurant,P8,REST_2070.jpg,REST_2070.mp3,Pexels/content-relevant downloaded photograph,edge-tts generated speech
REST_2072,restaurant,P8,REST_2072.jpg,REST_2072.mp3,Pexels/content-relevant downloaded photograph,edge-tts generated speech
REST_2074,restaurant,P8,REST_2074.jpg,REST_2074.mp3,Pexels/content-relevant downloaded photograph,edge-tts generated speech
REST_1873,restaurant,P6,REST_1873.jpg,REST_1873.mp3,Pexels/content-relevant downloaded photograph,edge-tts generated speech
REST_1877,restaurant,P6,REST_1877.jpg,REST_1877.mp3,Pexels/content-relevant downloaded photograph,edge-tts generated speech
REST_1938,restaurant,HN,REST_1938.jpg,REST_1938.mp3,Pexels/content-relevant downloaded photograph,edge-tts generated speech
REST_2228,restaurant,HN,REST_2228.jpg,REST_2228.mp3,Pexels/content-relevant downloaded photograph,edge-tts generated speech
REST_1925,restaurant,HN,REST_1925.jpg,REST_1925.mp3,Pexels/content-relevant downloaded photograph,edge-tts generated speech
REST_2231,restaurant,HN,REST_2231.jpg,REST_2231.mp3,Pexels/content-relevant downloaded photograph,edge-tts generated speech
REST_2232,restaurant,HN,REST_2232.jpg,REST_2232.mp3,Pexels/content-relevant downloaded photograph,edge-tts generated speech
REST_1984,restaurant,HN,REST_1984.jpg,REST_1984.mp3,Pexels/content-relevant downloaded photograph,edge-tts generated speech
REST_2216,restaurant,HN,REST_2216.jpg,REST_2216.mp3,Pexels/content-relevant downloaded photograph,edge-tts generated speech
REST_2237,restaurant,HN,REST_2237.jpg,REST_2237.mp3,Pexels/content-relevant downloaded photograph,edge-tts generated speech
REST_1988,restaurant,HN,REST_1988.jpg,REST_1988.mp3,Pexels/content-relevant downloaded photograph,edge-tts generated speech
REST_2242,restaurant,HN,REST_2242.jpg,REST_2242.mp3,Pexels/content-relevant downloaded photograph,edge-tts generated speech
REST_1947,restaurant,HN,REST_1947.jpg,REST_1947.mp3,Pexels/content-relevant downloaded photograph,edge-tts generated speech
REST_2226,restaurant,HN,REST_2226.jpg,REST_2226.mp3,Pexels/content-relevant downloaded photograph,edge-tts generated speech
REST_1974,restaurant,HN,REST_1974.jpg,REST_1974.mp3,Pexels/content-relevant downloaded photograph,edge-tts generated speech
REST_1940,restaurant,HN,REST_1940.jpg,REST_1940.mp3,Pexels/content-relevant downloaded photograph,edge-tts generated speech
REST_1977,restaurant,HN,REST_1977.jpg,REST_1977.mp3,Pexels/content-relevant downloaded photograph,edge-tts generated speech
REST_1961,restaurant,HN,REST_1961.jpg,REST_1961.mp3,Pexels/content-relevant downloaded photograph,edge-tts generated speech
REST_1980,restaurant,HN,REST_1980.jpg,REST_1980.mp3,Pexels/content-relevant downloaded photograph,edge-tts generated speech
REST_1920,restaurant,HN,REST_1920.jpg,REST_1920.mp3,Pexels/content-relevant downloaded photograph,edge-tts generated speech
REST_1945,restaurant,HN,REST_1945.jpg,REST_1945.mp3,Pexels/content-relevant downloaded photograph,edge-tts generated speech
REST_1935,restaurant,HN,REST_1935.jpg,REST_1935.mp3,Pexels/content-relevant downloaded photograph,edge-tts generated speech
REST_2227,restaurant,HN,REST_2227.jpg,REST_2227.mp3,Pexels/content-relevant downloaded photograph,edge-tts generated speech
REST_1997,restaurant,HN,REST_1997.jpg,REST_1997.mp3,Pexels/content-relevant downloaded photograph,edge-tts generated speech
REST_1922,restaurant,HN,REST_1922.jpg,REST_1922.mp3,Pexels/content-relevant downloaded photograph,edge-tts generated speech
